{"average lifetime":76.46090534979425,"average amount of grass":105,"average dominant genome":"0 0 0 1 1 1 2 2 2 2 2 3 3 3 3 3 4 4 4 5 5 5 5 6 6 6 6 6 7 7 7 7 ","average number of animals":29,"average energy":100.41152263374488,"average number of children":0.23086419753086407}