{"average lifetime":72.82304526748968,"average amount of grass":129,"average dominant genome":"0 0 1 1 1 1 1 2 2 2 2 2 3 3 4 4 4 4 4 4 5 5 6 6 6 6 6 6 7 7 7 7 ","average number of animals":21,"average energy":121.19753086419756,"average number of children":0.18148148148148102}