{"average lifetime":0.0,"average amount of grass":60,"average dominant genome":"0 0 0 0 1 1 1 1 1 1 2 2 2 2 2 3 3 4 4 4 4 5 5 5 5 6 6 6 7 7 7 7 ","average number of animals":50,"average energy":94.11428571428571,"average number of children":0.06142857142857144}