{"average lifetime":43.2198952879581,"average amount of grass":186,"average dominant genome":"0 0 0 0 1 1 1 1 2 2 2 2 3 3 3 3 3 3 4 5 5 5 5 5 6 6 7 7 7 7 7 7 ","average number of animals":1,"average energy":104.24083769633512,"average number of children":0.0}