{"average lifetime":1.6857142857142857,"average amount of grass":57,"average dominant genome":"0 0 0 0 1 1 1 2 2 3 3 4 4 4 4 4 4 4 5 5 5 5 5 6 6 6 6 7 7 7 7 7 ","average number of animals":50,"average energy":92.42857142857143,"average number of children":0.0885714285714286}