{"average lifetime":45.19895287958117,"average amount of grass":191,"average dominant genome":"0 0 1 1 1 1 1 1 1 2 2 2 2 3 3 4 4 4 4 5 5 5 5 5 5 5 5 6 6 7 7 7 ","average number of animals":0,"average energy":21.926701570680642,"average number of children":0.0}